{
    "model": {
        "type": "range_dispatch",
        "property": "custom_model_data",
        "fallback": {
            "type": "model",
            "model": "item/diamond_boots"
        },
        "entries": [
            {
                "threshold": 2,
                "model": {
                    "type": "model",
                    "model": "item/skins/classic_diamond_boots"
                }
            },
            {
                "threshold": 3,
                "model": {
                    "type": "model",
                    "model": "item/skins/halloween_diamond_boots"
                }
            },
            {
                "threshold": 9918292,
                "model": {
                    "type": "model",
                    "model": "item/armor/royal_diamond_boots"
                }
            }
        ]
    }
}