{
    "model": {
        "type": "range_dispatch",
        "property": "custom_model_data",
        "fallback": {
            "type": "model",
            "model": "item/diamond_shovel"
        },
        "entries": [
            {
                "threshold": 2,
                "model": {
                    "type": "model",
                    "model": "item/skins/classic_diamond_shovel"
                }
            },
            {
                "threshold": 3,
                "model": {
                    "type": "model",
                    "model": "item/skins/refined_diamond_shovel"
                }
            },
            {
                "threshold": 4,
                "model": {
                    "type": "model",
                    "model": "item/skins/3d_diamond_shovel"
                }
            },
            {
                "threshold": 1981900,
                "model": {
                    "type": "model",
                    "model": "item/tools/royal_diamond_shovel"
                }
            }
        ]
    }
}