{
    "model": {
        "type": "range_dispatch",
        "property": "custom_model_data",
        "fallback": {
            "type": "model",
            "model": "item/diamond_sword"
        },
        "entries": [
            {
                "threshold": 2,
                "model": {
                    "type": "model",
                    "model": "item/weapons/glitched_sword"
                }
            },
            {
                "threshold": 3,
                "model": {
                    "type": "model",
                    "model": "item/skins/classic_diamond_sword"
                }
            },
            {
                "threshold": 4,
                "model": {
                    "type": "model",
                    "model": "item/skins/refined_diamond_sword"
                }
            },
            {
                "threshold": 5,
                "model": {
                    "type": "model",
                    "model": "item/skins/3d_diamond_sword"
                }
            },
            {
                "threshold": 6,
                "model": {
                    "type": "model",
                    "model": "item/skins/halloween_diamond_sword"
                }
            },
            {
                "threshold": 1981820,
                "model": {
                    "type": "model",
                    "model": "item/weapons/diamond_dagger"
                }
            },
            {
                "threshold": 1981820,
                "model": {
                    "type": "model",
                    "model": "item/weapons/diamond_dagger"
                }
            },
            {
                "threshold": 1981821,
                "model": {
                    "type": "model",
                    "model": "item/weapons/diamond_mace"
                }
            },
            {
                "threshold": 1981822,
                "model": {
                    "type": "model",
                    "model": "item/weapons/diamond_rapier"
                }
            },
            {
                "threshold": 1981825,
                "model": {
                    "type": "model",
                    "model": "item/weapons/diamond_warhammer"
                }
            },
            {
                "threshold": 1981826,
                "model": {
                    "type": "model",
                    "model": "item/weapons/diamond_spear"
                }
            },
            {
                "threshold": 1981827,
                "model": {
                    "type": "model",
                    "model": "item/weapons/diamond_greataxe"
                }
            },
            {
                "threshold": 1981840,
                "model": {
                    "type": "model",
                    "model": "item/weapons/diamond_knuckles"
                }
            },
            {
                "threshold": 1981920,
                "model": {
                    "type": "model",
                    "model": "item/weapons/royal_diamond_dagger"
                }
            },
            {
                "threshold": 1981921,
                "model": {
                    "type": "model",
                    "model": "item/weapons/royal_diamond_mace"
                }
            },
            {
                "threshold": 1981922,
                "model": {
                    "type": "model",
                    "model": "item/weapons/royal_diamond_rapier"
                }
            },
            {
                "threshold": 1981925,
                "model": {
                    "type": "model",
                    "model": "item/weapons/royal_diamond_warhammer"
                }
            },
            {
                "threshold": 1981926,
                "model": {
                    "type": "model",
                    "model": "item/weapons/royal_diamond_spear"
                }
            },
            {
                "threshold": 1981927,
                "model": {
                    "type": "model",
                    "model": "item/weapons/royal_diamond_greataxe"
                }
            },
            {
                "threshold": 1981940,
                "model": {
                    "type": "model",
                    "model": "item/weapons/royal_diamond_knuckles"
                }
            },
            {
                "threshold": 1981941,
                "model": {
                    "type": "model",
                    "model": "item/weapons/royal_diamond_sword"
                }
            }
        ]
    }
}