{
  "model": {
    "type": "range_dispatch",
    "property": "custom_model_data",
    "fallback": {
      "type": "minecraft:condition",
      "property": "minecraft:fishing_rod/cast",
      "on_false": {
        "type": "minecraft:model",
        "model": "item/fishing_rod"
      },
      "on_true": {
        "type": "minecraft:model",
        "model": "item/fishing_rod_cast"
      }
    },
    "entries": [
      {
        "threshold": 2, 
        "model": {
          "type": "minecraft:condition",
          "property": "minecraft:fishing_rod/cast",
          "on_false": {
            "type": "minecraft:model",
            "model": "item/tools/jack_o_hook"
          },
          "on_true": {
            "type": "minecraft:model",
            "model": "item/tools/jack_o_hook_cast"
          }
        }
      }
    ]
  }
}
