{
    "model": {
        "type": "range_dispatch",
        "property": "custom_model_data",
        "fallback": {
            "type": "model",
            "model": "item/iron_hoe"
        },
        "entries": [
            {
                "threshold": 2,
                "model": {
                    "type": "model",
                    "model": "item/skins/refined_iron_hoe"
                }
            },
            {
                "threshold": 3,
                "model": {
                    "type": "model",
                    "model": "item/skins/3d_iron_hoe"
                }
            },
            {
                "threshold": 1829130,
                "model": {
                    "type": "model",
                    "model": "item/gui/button_select_tool"
                }
            },
            {
                "threshold": 3510001,
                "model": {
                    "type": "model",
                    "model": "item/gui/skillicon_farming"
                }
            },
            {
                "threshold": 9918290,
                "model": {
                    "type": "model",
                    "model": "item/tools/copper_hoe"
                }
            }
        ]
    }
}