{
    "model": {
        "type": "range_dispatch",
        "property": "custom_model_data",
        "fallback": {
            "type": "model",
            "model": "item/netherite_chestplate"
        },
        "entries": [
            {
                "threshold": 2,
                "model": {
                    "type": "model",
                    "model": "item/skins/halloween_netherite_chestplate"
                }
            },
            {
                "threshold": 9918293,
                "model": {
                    "type": "model",
                    "model": "item/armor/royal_netherite_chestplate"
                }
            },
            {
                "threshold": 9918294,
                "model": {
                    "type": "model",
                    "model": "item/armor/assasin_chestplate"
                }
            }
        ]
    }
}