{
    "model": {
        "type": "range_dispatch",
        "property": "custom_model_data",
        "fallback": {
            "type": "model",
            "model": "item/totem_of_undying"
        },
        "entries": [
            {
                "threshold": 2,
                "model": {
                    "type": "model",
                    "model": "item/misc/totem_of_spirits"
                }
            },
            {
                "threshold": 3,
                "model": {
                    "type": "model",
                    "model": "item/misc/totem_migekko"
                }
            }
        ]
    }
}